AKH03-L2-S2,Antimerus punctipennis
AKH04-L1-S3,Sundaquedius abbreviatus
AKH05-L2-S21,Stevensia longipennis
AKH06-L1-S22,Devilleferus brunkei
AKH58-L1-S59,Rientis sp.
AM0001-L1-S1,Cheilocolpus pyrostoma
AM0004-L1-S41,Cheilocolpus impressifrons
AM0005-L1-S11,Lienturius leiocephalus
AM0009_L1_S9,Loncovilius semiflavus
AM0010-L1-S3,Nitidocolpus illatus
AM0011-L1-S31,Nitidocolpus sp.
AM0016-L1-S41,Cheilocolpus viridulus
AM0017-L1-S1,Ctenandropus sp. Japan
AM0018_L1_S1,Mimosticus viridipennis
AM0020-L1-S12,Nitidocolpus sp. 5
AM0024-Cl-S1,Nitidocolpus columbinus
AM0028-L1-S23,Sphingoquedius discoideus
AM0029-L1-S33,Amblyopinodes gahani similis
AM0040-L1-S11,Nitidocolpus laeticulus
AM0049_L1_S2,Rolla prominens
AM0051-L1-S11,Chiquiticus sp. 2
AM0054-L1-S1,Quediopsis lugubrus
AM0055-L1-S15,Quedius inaequalipennis
AM0062-L1-S22,Nitidocolpus nr. aurofasciatus
AM0067-L1-S4,Quedius nelsonensis
AM0071-L1-S3,Atanygnathus terminalis
AM0072-A-S4,Nitidocolpus sp. 4
AM0073-L1-S24,Heterothops binotatus
AM0084-L1-S13,Heterothops frater
AM0088-L1-S22,Chiquiticus sp. 
AM0091-L1-S16,Nitidocolpus sp. 3
AM0100-L1-S7,Nitidocolpus aurofasciatus
AM0101-L1-S8,Amblyopinus emarginatus
AM0108-L1-S5,Sphingoquedius brevis
AM0121-L1-S28,Quediomimus hybridus
AM0128-L1-S16,Quedius xenophaenus
AM0130-L1-S17,Quedius antipodum
AM0136_L1_S5,Mimosticus tenuiformis
AM0137-L1-S9,Cheilocolpus castaneus
AM0140-L1-S28,Atanygnathus sp. Guatemala
AM0141-L1-S29,Holisus sp. Guatemala
AM0142-L1-S37,Atanygnathus sp. Cameroon
AM0144-L1-S18,Atanygnathus sp. Australia
AM0145-L1-S38,Quedius fuscatus
AM0147-L1-S5,Myotyphlus jansoni
AM0150-L1-S23,Quediocafus taieriensis
AM0164-L2-S40,Ctenandropus sp. Florida USA
AM0165-L1-S6,Ctenandropus sp. New Caledonia
AM0167-L1-S10,Atanygnathus sp. Myanmar
AM0168-L1-S19,Atanygnathus sp. Peru
AM0170-L1-S30,Loncovilius lividipennis
AM0173-L1-S14,Apoquedius sp.
AM0178-L1-S48,Nitidocolpus sp. 2
AM0182_L1_S7,Heterothops sp. Costa Rica
AM0193a_L1_S8,Amazonothops aslaki
AM0194-L1-S20,Antimerus jamesrodmani
AM0195-L1-S40,Heterothops carbonatus
AM0196a-L1-S6,Arrowinus minutus
AM0196-L1-S40,Chiquiticus pusio
AM0198-L1-S27,Heterothops pusillus
AM0201-S3,Afroquedius latitarsalis
AM0202-S29,Holisus sp. Africa
AM0203-S30,Holisus sp. 2 Africa
AM0205-S11,Coomania sp.
AM0206-S2,Platyprosopus elongatus
AM0207-S8,Platyprosopus sp.
AM0208-S9,Atrecus c.f. longiceps
AM0209-S3,Maorothius tridens
AM0210-S10,Homalolinus difficilus
AM192a-L2-S43,Holisus elatus
AM194a-L2-S9,Sphingoquedius strandi
AM204-L2-S20,Antimerus auricomus
diochus_sp,Diochus sp.
ENT120_AKH30,Quelaestrygon puetzi
ENT121-L1-S14,Valdivioides ashworthi
ENT128-L1-S2,Algon fansipanicus
ENT129_L1_S3,Anaquedius vernix
ENT130_L1_S4,Anisolinus sp.
ENT131_L1_S5,Bolitogyrus confusus
ENT132_L1_S6,Cyrtoquedius sp.
ENT133_L1_S4,Dinothenarus saphyrinides
ENT134-L1-S1,Erichsonius civicus
ENT135_L1_S19,Erichsonius brachycepahlus
ENT138_L1_S8,Indoquedius sp. Vietnam
ENT139-L1-S5,Indoquedius sp. Myanmar
ENT141-L1-S9,Quedionuchus longipennis
ENT161_L1_S15,Paraquedius marginicollis
ENT184_L1_S15,Strouhalium gracilicorne
ENT217_L1_S14,Quedius picipes
ENT247_L1_S31,Plociopterus sp.
ENT256_L1_S25,Descarpentriesiellus sp.
ENT83_L1_S22,Beeria nematocera
ENT84-AKH02,Quediomacrus pollens
ENT85-L1-S24,Fluviphirus elevatus
JDL71-S9,Ontholestes cingulatus
lathrobium_brunnipes,Lathrobium brunnipes
othius_punctulatus,Othius punctulatus
paederus_litocharis,Paederus litocharis
philonthus_decorus,Philonthus decorus
quedius_fuliginosus,Quedius fuliginosus
